Instance,BKS,Cut_best,Acc_best,Cut_avg,Acc_avg,Std,t_avg
G1,11624,11366.0,97.78045423262216,11366.0,97.78045423262216,0.0,2.083934783935547,0.0
